{"cameraMode":{"drawMode":0,"name":"Shaded","section":"Shading Mode"},"sceneLighting":true,"audioPlay":false,"sceneViewState":{"showFog":true,"showMaterialUpdate":false,"showSkybox":true,"showFlares":true,"showImageEffects":true,"showParticleSystems":true},"in2DMode":false,"pivot":{"x":115.80000305175781,"y":21.712501525878908,"z":0.0},"rotation":{"x":0.0961456224322319,"y":0.017911048606038095,"z":-0.0017304173670709134,"w":0.9952046275138855},"size":515.683349609375,"orthographic":false}